"Name","Color","Rarity","# Seen","ALSA","# Picked","ATA","# GP","% GP","GP WR","# OH","OH WR","# GD","GD WR","# GIH","GIH WR","# GNS","GNS WR","IIH"
"The Dawning Archaic","","M","9400","1.89","4038","1.88","21296","85.3%","52.2%","3408","47.4%","6881","56.9%","10289","53.8%","10576","49.9%","3.8pp"
"Rancorous Archaic","","C","355674","7.38","47134","10.60","83642","28.3%","51.3%","13843","48.8%","25700","56.2%","39543","53.6%","43225","49.0%","4.6pp"
"Sundering Archaic","","U","108179","4.45","29324","5.45","141633","75.2%","55.6%","23274","53.7%","44353","61.6%","67627","58.8%","70851","51.9%","6.9pp"
"Together as One","","R","19455","2.00","13552","1.95","78865","87.6%","58.1%","13339","61.5%","23934","67.9%","37273","65.6%","38409","49.6%","16.0pp"
"Transcendent Archaic","","U","126879","5.32","24658","7.08","92301","59.4%","53.7%","15174","52.0%","28507","59.6%","43681","57.0%","47078","50.1%","6.8pp"
"Ajani's Response","W","C","256510","4.57","54808","5.97","296446","83.3%","56.6%","50281","55.2%","81913","59.0%","132194","57.6%","161582","55.7%","1.8pp"
"Antiquities on the Loose","W","R","19270","1.92","12092","1.91","73690","90.8%","59.4%","13177","65.2%","19726","63.5%","32903","64.2%","40226","55.2%","9.0pp"
"Ascendant Dustspeaker","W","C","323731","6.22","48709","8.76","177564","56.4%","55.9%","29093","53.5%","48553","56.4%","77646","55.3%","99868","56.2%","-0.9pp"
"Daydream","W","U","137200","6.40","15951","9.53","22345","22.1%","51.1%","3734","47.7%","5613","49.6%","9347","48.8%","12942","52.7%","-3.9pp"
"Dig Site Inventory","W","C","299417","5.64","47738","7.75","209110","67.8%","55.8%","35087","54.7%","50914","55.8%","86001","55.4%","122683","56.2%","-0.8pp"
"Eager Glyphmage","W","C","322638","6.25","52108","8.60","198157","58.5%","56.6%","33578","55.7%","51690","56.1%","85268","56.0%","112332","57.1%","-1.1pp"
"Elite Interceptor","W","C","227983","4.17","66053","4.87","388602","89.2%","58.3%","71219","60.8%","100963","58.2%","172182","59.2%","215069","57.5%","1.8pp"
"Emeritus of Truce","W","M","9189","1.84","4992","1.84","28230","87.4%","56.6%","4983","59.2%","7568","58.0%","12551","58.5%","15567","55.1%","3.4pp"
"Ennis, Debate Moderator","W","U","120580","5.44","16071","7.71","49567","48.7%","52.8%","8785","48.2%","12498","51.2%","21283","50.0%","28171","54.9%","-5.0pp"
"Erode","W","R","26741","2.54","8641","2.80","46872","85.2%","55.3%","8069","52.9%","12718","58.2%","20787","56.2%","25678","54.6%","1.6pp"
"Graduation Day","W","U","117799","5.57","14398","8.02","37540","41.2%","52.7%","6602","52.2%","8956","50.1%","15558","51.0%","21890","53.9%","-2.9pp"
"Group Project","W","U","102574","4.40","24631","5.41","131555","82.0%","57.1%","23618","57.7%","33132","56.0%","56750","56.7%","74691","57.3%","-0.6pp"
"Harsh Annotation","W","U","129263","5.99","12325","9.45","20135","25.6%","51.2%","3357","47.7%","5079","51.6%","8436","50.0%","11579","51.9%","-1.9pp"
"Honorbound Page","W","C","330865","6.53","42617","9.44","112529","40.9%","54.6%","19044","51.4%","28451","54.2%","47495","53.1%","64802","55.6%","-2.5pp"
"Informed Inkwright","W","R","17831","1.81","10897","1.81","66163","91.7%","58.1%","12069","63.2%","17542","60.3%","29611","61.5%","36220","55.3%","6.2pp"
"Inkshape Demonstrator","W","U","102722","4.45","20905","5.68","106557","78.5%","56.5%","18066","56.8%","27938","56.3%","46004","56.5%","60305","56.5%","0.1pp"
"Interjection","W","C","346735","7.22","45734","10.29","85955","29.1%","55.8%","14216","54.4%","21632","56.4%","35848","55.6%","49851","55.9%","-0.3pp"
"Joined Researchers","W","R","46634","4.10","9449","5.27","44915","73.9%","55.8%","8204","55.7%","11216","54.3%","19420","54.9%","25451","56.4%","-1.5pp"
"Owlin Historian","W","C","319918","6.16","48714","8.60","193618","61.6%","55.9%","33639","55.3%","51291","55.4%","84930","55.4%","108775","56.4%","-1.0pp"
"Practiced Offense","W","R","17160","1.73","11966","1.69","74508","92.3%","59.4%","12682","62.7%","19845","66.0%","32527","64.7%","41347","54.9%","9.8pp"
"Primary Research","W","U","104777","4.59","20850","5.87","91054","68.3%","55.4%","15337","53.2%","24724","55.9%","40061","54.9%","50778","55.8%","-0.9pp"
"Quill-Blade Laureate","W","U","84235","3.62","21517","4.38","124826","89.1%","57.0%","22565","57.1%","31755","56.8%","54320","56.9%","70175","56.9%","-0.0pp"
"Rapier Wit","W","C","342091","7.04","44001","10.15","86926","30.6%","54.7%","14803","52.1%","22006","55.7%","36809","54.2%","49708","55.0%","-0.8pp"
"Rehearsed Debater","W","C","331667","6.54","47905","9.22","154264","50.0%","55.7%","26921","55.6%","37963","54.0%","64884","54.7%","89200","56.5%","-1.8pp"
"Restoration Seminar","W","M","9936","2.06","5140","2.02","26161","80.0%","55.1%","4416","54.1%","7361","59.4%","11777","57.4%","14073","52.8%","4.6pp"
"Shattered Acolyte","W","C","310770","5.82","50435","8.04","230212","70.3%","56.4%","42026","56.8%","56864","55.2%","98890","55.9%","130845","56.9%","-1.0pp"
"Soaring Stoneglider","W","U","106622","4.62","18157","6.17","85324","73.8%","54.4%","14481","51.6%","22774","55.1%","37255","53.7%","48095","54.8%","-1.1pp"
"Spiritcall Enthusiast","W","U","123538","5.63","17128","7.95","48468","44.4%","53.7%","8406","52.0%","12015","51.9%","20421","51.9%","28010","55.0%","-3.0pp"
"Stand Up for Yourself","W","U","90728","3.85","22495","4.75","126260","86.5%","56.5%","21353","54.8%","34357","58.5%","55710","57.0%","69605","55.8%","1.2pp"
"Stirring Hopesinger","W","R","15806","1.59","10923","1.57","67876","93.3%","58.5%","11934","63.2%","18558","62.3%","30492","62.7%","37106","54.9%","7.7pp"
"Stone Docent","W","C","297623","5.51","57608","7.24","304741","80.8%","57.1%","54861","57.7%","75719","55.6%","130580","56.5%","173940","57.5%","-1.0pp"
"Summoned Dromedary","W","U","111045","4.79","19291","6.48","85479","69.4%","54.9%","14355","53.2%","22255","54.8%","36610","54.2%","49104","55.3%","-1.2pp"
"Banishing Betrayal","U","C","325898","6.23","48535","8.88","180691","59.1%","53.1%","32068","50.7%","53048","57.9%","85116","55.2%","91593","50.8%","4.4pp"
"Brush Off","U","U","115821","5.08","25887","6.27","123190","74.9%","55.0%","20780","53.3%","37533","60.7%","58313","58.0%","61271","51.3%","6.8pp"
"Campus Composer","U","U","111769","4.81","18131","6.62","78051","69.4%","52.6%","13049","51.0%","22989","55.7%","36038","54.0%","40612","51.2%","2.7pp"
"Chase Inspiration","U","C","358441","7.93","46141","11.25","64628","22.3%","52.9%","10711","51.0%","18462","56.2%","29173","54.3%","34213","51.2%","3.1pp"
"Deluge Virtuoso","U","C","332792","6.60","40999","9.70","101734","39.9%","51.1%","17735","49.3%","29201","53.5%","46936","51.9%","52978","50.2%","1.8pp"
"Divergent Equation","U","U","109536","4.87","27323","5.79","132080","76.1%","55.0%","21955","51.6%","41561","61.3%","63516","58.0%","63747","51.0%","6.9pp"
"Echocasting Symposium","U","M","8561","1.77","5156","1.73","28173","86.9%","54.0%","4768","53.5%","8311","60.5%","13079","57.9%","13773","49.2%","8.8pp"
"Emeritus of Ideation","U","M","7038","1.40","5311","1.39","31380","89.7%","57.4%","5367","61.5%","9704","66.1%","15071","64.5%","15364","50.0%","14.5pp"
"Encouraging Aviator","U","U","124323","5.60","15658","8.02","44331","46.3%","49.9%","7649","47.9%","12372","51.9%","20021","50.4%","23719","49.4%","1.0pp"
"Essence Scatter","U","C","281250","5.10","57673","6.74","300537","82.4%","54.4%","52808","54.9%","88300","58.2%","141108","57.0%","152204","51.6%","5.4pp"
"Exhibition Tidecaller","U","R","23771","2.39","11767","2.37","66825","87.8%","55.9%","11558","56.7%","20886","62.3%","32444","60.3%","32385","50.7%","9.6pp"
"Flow State","U","U","88896","3.71","23381","4.58","125754","85.4%","54.2%","22270","53.0%","37925","59.0%","60195","56.8%","62160","51.2%","5.5pp"
"Fractal Anomaly","U","U","150907","7.50","17386","11.02","9699","8.9%","47.1%","1603","42.0%","2891","52.1%","4494","48.5%","5070","45.7%","2.9pp"
"Fractalize","U","U","147136","7.12","17520","10.40","19963","18.1%","50.4%","3334","47.1%","5570","54.1%","8904","51.4%","10661","49.1%","2.4pp"
"Harmonized Trio","U","R","39205","3.67","8114","4.50","30114","60.3%","51.4%","5285","53.2%","8532","53.3%","13817","53.3%","15823","49.5%","3.7pp"
"Homesickness","U","U","116616","5.00","21451","6.68","95045","70.6%","53.3%","15913","51.3%","28793","58.4%","44706","55.8%","47721","50.5%","5.4pp"
"Hydro-Channeler","U","C","307714","5.74","50117","8.00","231728","74.2%","53.2%","41594","54.4%","66357","55.1%","107951","54.8%","121100","51.7%","3.1pp"
"Jadzi, Steward of Fate","U","R","19611","1.93","11369","1.95","65976","90.7%","55.5%","11721","57.3%","19711","60.8%","31432","59.5%","32909","51.2%","8.3pp"
"Landscape Painter","U","C","326094","6.23","44147","9.02","153903","55.7%","52.3%","27393","50.6%","44439","55.4%","71832","53.6%","79915","51.0%","2.6pp"
"Mana Sculpt","U","R","39280","3.52","10872","4.14","53741","77.9%","54.3%","9088","53.9%","16361","60.2%","25449","57.9%","26774","50.1%","7.8pp"
"Mathemagics","U","M","11704","2.38","6020","2.35","33639","86.5%","56.7%","5728","53.4%","10954","66.3%","16682","61.9%","15254","49.2%","12.7pp"
"Matterbending Mage","U","U","90111","3.73","25363","4.56","141948","87.4%","55.4%","24881","54.9%","41963","60.1%","66844","58.2%","71677","52.6%","5.6pp"
"Muse Seeker","U","U","113901","4.96","19020","6.67","78294","66.6%","51.5%","14203","50.7%","22155","53.8%","36358","52.6%","40852","50.5%","2.2pp"
"Muse's Encouragement","U","C","349329","7.24","46174","10.37","99825","34.8%","51.1%","16675","48.3%","29885","55.0%","46560","52.6%","51213","49.3%","3.3pp"
"Orysa, Tide Choreographer","U","U","123683","5.39","17112","7.68","53158","50.1%","51.7%","8909","50.0%","15515","55.2%","24424","53.3%","27808","50.0%","3.3pp"
"Pensive Professor","U","R","21135","2.09","10617","2.11","59966","89.2%","54.4%","10411","57.4%","17821","59.4%","28232","58.6%","30428","50.2%","8.4pp"
"Procrastinate","U","C","340118","6.94","42452","10.15","94469","35.8%","51.0%","16084","48.1%","27432","54.7%","43516","52.2%","48766","49.7%","2.6pp"
"Quick Study","U","C","322993","6.16","49484","8.70","188370","60.4%","53.6%","33258","53.7%","56307","57.6%","89565","56.1%","95114","51.0%","5.1pp"
"Run Behind","U","C","317887","5.91","57673","8.04","265784","72.8%","54.7%","45313","53.5%","79998","59.1%","125311","57.1%","134892","52.3%","4.9pp"
"Skycoach Conductor","U","R","26359","2.53","9703","2.72","51591","84.0%","54.1%","8879","55.1%","15248","58.1%","24127","57.0%","26401","51.2%","5.8pp"
"Spellbook Seeker","U","C","341587","6.97","38791","10.34","64463","26.8%","49.9%","10971","47.2%","18979","52.6%","29950","50.6%","33675","49.1%","1.6pp"
"Tester of the Tangential","U","U","111029","4.82","17477","6.62","73756","68.0%","52.3%","13123","53.8%","20301","54.1%","33424","53.9%","39333","50.7%","3.2pp"
"Textbook Tabulator","U","C","342760","7.11","42145","10.42","82265","31.2%","51.2%","14531","51.0%","23728","54.3%","38259","53.0%","42895","49.6%","3.4pp"
"Wisdom of Ages","U","R","44648","3.97","12685","4.49","59954","74.2%","55.0%","9827","49.8%","19540","61.7%","29367","57.7%","28133","50.6%","7.1pp"
"Adventurous Eater","B","C","307084","5.69","38661","8.20","164782","66.7%","54.6%","28639","53.0%","40444","54.7%","69083","54.0%","94750","55.0%","-1.0pp"
"Arcane Omens","B","U","115351","5.49","29170","6.15","116714","62.5%","55.5%","19360","56.5%","35428","61.6%","54788","59.8%","58920","50.8%","9.0pp"
"Arnyn, Deathbloom Botanist","B","U","113618","5.08","13200","7.42","41381","50.4%","51.8%","7176","48.8%","10102","51.8%","17278","50.5%","23774","52.6%","-2.1pp"
"Burrog Banemaker","B","C","311122","5.86","38437","8.52","148218","60.4%","54.1%","26611","55.4%","35157","53.7%","61768","54.4%","85505","53.8%","0.7pp"
"Cheerful Osteomancer","B","C","326737","6.31","37963","9.34","107159","44.6%","52.7%","17851","48.6%","26487","53.3%","44338","51.4%","61713","53.4%","-2.0pp"
"Cost of Brilliance","B","C","314320","6.02","49307","8.12","208552","65.2%","56.7%","35783","56.5%","52400","58.0%","88183","57.4%","118936","56.0%","1.4pp"
"Decorum Dissertation","B","M","10079","2.02","4353","2.05","21951","80.4%","54.4%","3702","54.0%","5653","57.6%","9355","56.2%","12383","52.9%","3.3pp"
"Dissection Practice","B","U","103791","4.36","18899","5.60","95121","77.9%","56.5%","16331","57.5%","23261","58.4%","39592","58.0%","54928","55.3%","2.8pp"
"Emeritus of Woe","B","M","7576","1.48","4976","1.46","28526","89.2%","56.1%","4806","57.4%","7834","59.9%","12640","59.0%","15493","53.3%","5.6pp"
"End of the Hunt","B","U","79027","3.33","21659","4.02","122096","87.0%","56.3%","21261","56.5%","31915","59.5%","53176","58.3%","67423","54.5%","3.7pp"
"Eternal Student","B","U","114073","4.87","18601","6.61","80196","67.9%","54.9%","13641","53.1%","19370","55.0%","33011","54.2%","46930","55.3%","-1.1pp"
"Foolish Fate","B","U","63232","2.68","21031","3.14","125517","92.1%","56.4%","21422","55.8%","33017","60.3%","54439","58.6%","69527","54.5%","4.0pp"
"Forum Necroscribe","B","U","99886","4.34","15008","5.90","63924","68.1%","52.5%","10505","48.9%","16352","52.8%","26857","51.3%","36404","53.2%","-1.9pp"
"Grave Researcher","B","R","21441","2.10","8046","2.20","45345","88.5%","54.7%","7851","55.6%","11628","55.5%","19479","55.5%","25440","54.0%","1.5pp"
"Last Gasp","B","C","213317","3.74","49001","4.78","281075","88.7%","56.1%","49124","56.0%","72246","58.3%","121370","57.4%","157171","55.0%","2.4pp"
"Lecturing Scornmage","B","U","90757","3.94","20037","4.76","106741","81.3%","57.3%","19426","60.9%","24930","55.8%","44356","58.1%","61957","56.8%","1.3pp"
"Leech Collector","B","U","113171","4.89","14812","6.95","61400","65.3%","53.2%","10871","51.4%","14544","52.1%","25415","51.8%","35495","54.2%","-2.4pp"
"Masterful Flourish","B","C","344851","7.15","41253","10.28","92699","35.1%","55.8%","15313","55.0%","22728","56.8%","38041","56.1%","54059","55.5%","0.6pp"
"Melancholic Poet","B","C","285766","5.28","44534","7.18","228728","79.2%","56.3%","41658","56.2%","54553","55.8%","96211","56.0%","131290","56.5%","-0.6pp"
"Moseo, Vein's New Dean","B","R","19969","1.97","9670","1.97","55131","87.7%","56.9%","9666","59.5%","14167","60.4%","23833","60.1%","30558","54.3%","5.8pp"
"Poisoner's Apprentice","B","U","101103","4.34","16581","5.65","78147","73.7%","54.7%","13460","54.6%","18836","55.7%","32296","55.3%","44895","54.2%","1.1pp"
"Postmortem Professor","B","R","24218","2.38","9606","2.49","54436","86.5%","57.3%","9987","63.5%","13137","57.5%","23124","60.1%","31122","55.2%","4.9pp"
"Pox Plague","B","R","72990","6.58","8857","10.08","244","0.4%","","40","","64","","104","","135","",""
"Pull from the Grave","B","C","343678","6.98","41086","10.22","79402","30.5%","52.8%","13073","49.1%","20481","55.0%","33554","52.7%","45324","52.7%","-0.0pp"
"Rabid Attack","B","U","141887","6.75","15501","10.02","21467","21.8%","52.0%","3539","48.0%","5237","52.0%","8776","50.4%","12616","53.1%","-2.7pp"
"Ral Zarek, Guest Lecturer","B","M","8785","1.71","3682","1.73","18477","80.2%","53.5%","3207","53.5%","4662","55.3%","7869","54.6%","10431","52.4%","2.1pp"
"Scathing Shadelock","B","U","116853","5.09","13854","7.39","50158","57.0%","53.2%","8306","51.3%","12598","53.1%","20904","52.4%","29065","53.6%","-1.2pp"
"Scheming Silvertongue","B","R","19277","1.91","9255","1.94","52761","88.3%","56.3%","9601","60.4%","13655","58.0%","23256","59.0%","29108","54.2%","4.9pp"
"Send in the Pest","B","C","304752","5.72","42967","8.04","169555","61.8%","54.6%","30546","55.1%","40939","54.9%","71485","55.0%","97308","54.4%","0.6pp"
"Sneering Shadewriter","B","C","336524","6.67","39037","9.84","101867","41.1%","53.3%","17021","50.3%","25666","54.3%","42687","52.7%","58288","53.6%","-0.9pp"
"Tragedy Feaster","B","R","29161","2.82","7481","3.14","38035","80.5%","54.4%","6429","54.3%","9586","55.6%","16015","55.1%","21656","53.8%","1.3pp"
"Ulna Alley Shopkeep","B","C","354964","7.80","36322","11.54","30948","13.5%","50.4%","5437","49.3%","7131","48.7%","12568","49.0%","18227","51.3%","-2.4pp"
"Wander Off","B","C","219955","3.82","42423","5.18","235921","87.2%","54.8%","39869","53.0%","62062","57.6%","101931","55.8%","131504","53.9%","1.9pp"
"Withering Curse","B","M","13661","2.70","3513","2.96","13696","62.9%","52.4%","2414","50.8%","3496","55.3%","5910","53.5%","7680","51.4%","2.1pp"
"Ancestral Anger","R","C","354847","7.88","48242","11.04","50286","16.4%","53.0%","8415","51.7%","13349","53.5%","21764","52.8%","28134","53.0%","-0.3pp"
"Archaic's Agony","R","U","137701","6.18","26734","8.18","81569","48.2%","53.7%","13657","51.2%","25292","58.8%","38949","56.1%","40873","50.8%","5.4pp"
"Artistic Process","R","U","90910","3.78","23542","4.70","128647","85.8%","55.1%","21400","53.2%","38442","58.8%","59842","56.8%","65574","53.2%","3.7pp"
"Blazing Firesinger","R","U","130639","5.94","16675","8.62","39012","37.9%","50.3%","6860","49.1%","10753","50.3%","17613","49.8%","21027","50.6%","-0.8pp"
"Charging Strifeknight","R","U","108762","4.55","24160","5.82","125073","81.0%","55.8%","22085","56.5%","35334","57.0%","57419","56.8%","67059","54.9%","1.9pp"
"Choreographed Sparks","R","R","65432","5.85","8023","9.02","4951","9.8%","45.7%","839","40.4%","1366","46.6%","2205","44.3%","2682","46.6%","-2.3pp"
"Duel Tactics","R","U","140846","6.42","20016","9.13","46565","36.3%","54.5%","7934","52.8%","12233","55.8%","20167","54.7%","26162","54.2%","0.4pp"
"Emeritus of Conflict","R","M","11014","2.22","4635","2.32","25400","86.5%","53.7%","4555","54.0%","7208","55.1%","11763","54.6%","13310","52.8%","1.9pp"
"Expressive Firedancer","R","C","319153","6.13","53522","8.44","210493","61.6%","54.7%","37732","56.2%","56436","54.7%","94168","55.3%","114566","54.3%","1.0pp"
"Flashback","R","R","45384","4.03","9043","5.29","37932","66.4%","53.2%","6387","48.5%","11311","57.4%","17698","54.2%","19404","51.9%","2.3pp"
"Garrison Excavator","R","U","98327","4.31","23653","5.28","119751","78.3%","56.5%","20413","55.7%","34035","57.4%","54448","56.7%","65375","56.3%","0.4pp"
"Goblin Glasswright","R","C","293482","5.34","50388","7.47","226137","71.8%","53.0%","41042","53.6%","62919","54.1%","103961","53.9%","119919","52.2%","1.6pp"
"Heated Argument","R","C","295677","5.37","52803","7.47","246254","73.4%","54.1%","41071","51.8%","71792","57.5%","112863","55.5%","129449","52.8%","2.7pp"
"Impractical Joke","R","U","67522","2.90","26985","3.31","161664","93.2%","56.1%","28718","56.9%","46708","59.5%","75426","58.5%","83404","53.7%","4.8pp"
"Improvisation Capstone","R","M","8786","1.77","6061","1.75","35250","89.1%","57.2%","5965","60.8%","10546","63.4%","16511","62.5%","17266","51.1%","11.3pp"
"Living History","R","U","124395","5.50","24737","7.03","109368","68.5%","57.0%","19547","56.8%","29366","56.1%","48913","56.3%","60284","57.5%","-1.2pp"
"Maelstrom Artisan","R","R","54044","4.86","7423","7.08","17106","36.6%","51.1%","2977","49.7%","4510","52.2%","7487","51.2%","9521","51.1%","0.1pp"
"Magmablood Archaic","R","R","24305","2.38","10695","2.46","58245","86.6%","54.3%","9988","54.1%","17380","58.1%","27368","56.7%","30261","51.9%","4.8pp"
"Mica, Reader of Ruins","R","U","139580","6.32","18844","9.18","34261","29.0%","52.4%","5768","50.6%","9976","54.4%","15744","53.0%","18162","51.7%","1.3pp"
"Molten-Core Maestro","R","R","19424","1.90","11389","1.91","68099","93.0%","56.1%","12306","60.8%","19724","59.0%","32030","59.7%","35253","52.8%","6.9pp"
"Pigment Wrangler","R","U","106965","4.53","17452","6.20","73656","68.6%","51.3%","12263","48.3%","21461","52.6%","33724","51.0%","39112","51.4%","-0.4pp"
"Rearing Embermare","R","C","361546","8.12","43408","11.70","25581","9.4%","50.2%","4223","47.7%","7170","50.9%","11393","49.7%","14138","50.5%","-0.8pp"
"Rubble Rouser","R","C","272812","5.07","63071","6.40","327238","80.4%","56.5%","58086","58.4%","92058","57.5%","150144","57.8%","175483","55.4%","2.4pp"
"Seize the Spoils","R","C","328939","6.34","52257","8.95","172290","52.0%","53.5%","30733","52.8%","50498","56.3%","81231","54.9%","88730","52.0%","3.0pp"
"Steal the Show","R","R","50503","4.54","8449","6.21","29085","54.6%","53.1%","4968","49.9%","8877","57.1%","13845","54.5%","14622","51.5%","3.0pp"
"Strife Scholar","R","C","349610","7.28","43000","10.64","66624","24.6%","51.3%","11645","49.5%","18043","51.8%","29688","50.9%","36596","51.7%","-0.8pp"
"Tablet of Discovery","R","U","99823","4.30","24188","5.33","112858","73.9%","54.6%","19913","54.8%","33620","57.8%","53533","56.7%","57131","52.5%","4.2pp"
"Tackle Artist","R","C","327327","6.49","44115","9.49","130548","47.1%","52.2%","21919","51.0%","37538","53.7%","59457","52.7%","69856","51.7%","1.0pp"
"Thunderdrum Soloist","R","U","105865","4.50","19274","6.08","92652","76.0%","53.7%","16598","54.1%","26185","56.0%","42783","55.3%","48569","52.2%","3.0pp"
"Tome Blast","R","C","233351","4.15","62227","5.21","360912","89.9%","55.9%","63445","54.9%","102547","58.8%","165992","57.3%","189781","54.4%","3.0pp"
"Unsubtle Mockery","R","C","205145","3.66","59669","4.53","355394","92.9%","55.5%","61923","55.6%","102822","58.6%","164745","57.5%","183868","53.6%","3.9pp"
"Zealous Lorecaster","R","C","337876","6.55","54555","9.23","184620","53.1%","53.8%","30272","49.2%","57072","57.5%","87344","54.6%","94402","52.6%","2.1pp"
"Aberrant Manawurm","G","U","134468","6.08","15044","9.18","34584","37.1%","50.3%","5854","48.6%","9443","52.4%","15297","50.9%","18927","49.8%","1.2pp"
"Additive Evolution","G","U","84536","3.64","19641","4.46","101589","81.7%","54.6%","16767","55.4%","27636","58.5%","44403","57.3%","55754","52.2%","5.2pp"
"Ambitious Augmenter","G","R","22098","2.16","10004","2.18","54896","85.4%","55.8%","9883","63.3%","14399","58.5%","24282","60.4%","29912","52.0%","8.5pp"
"Burrog Barrage","G","C","299565","5.60","42743","7.82","182939","67.9%","53.9%","30753","52.2%","47811","57.2%","78564","55.2%","102657","52.7%","2.5pp"
"Chelonian Tackle","G","U","138735","6.33","15518","9.40","31979","32.9%","51.0%","5294","47.5%","8261","51.9%","13555","50.2%","18217","51.6%","-1.5pp"
"Comforting Counsel","G","R","48001","4.64","5826","6.83","12664","35.1%","49.0%","2229","44.1%","3015","46.1%","5244","45.2%","7386","51.7%","-6.5pp"
"Efflorescence","G","C","359068","8.16","34333","12.13","14527","6.7%","49.8%","2411","46.4%","3465","51.5%","5876","49.4%","8605","49.8%","-0.4pp"
"Emeritus of Abundance","G","M","7915","1.60","4827","1.60","26758","86.5%","55.3%","4703","55.7%","7509","61.5%","12212","59.3%","13907","51.5%","7.8pp"
"Emil, Vastlands Roamer","G","U","104327","4.48","15679","6.24","69728","71.9%","52.1%","12001","50.6%","19662","54.5%","31663","53.0%","37048","51.1%","1.9pp"
"Environmental Scientist","G","U","64943","2.77","24715","3.08","140561","87.9%","56.2%","25925","62.3%","37691","60.2%","63616","61.1%","74837","52.1%","9.0pp"
"Follow the Lumarets","G","C","348714","7.47","37761","10.91","59255","25.1%","52.2%","10578","50.4%","14644","52.7%","25222","51.7%","33819","52.5%","-0.8pp"
"Germination Practicum","G","M","7941","1.61","4683","1.58","25630","86.1%","54.3%","4358","56.0%","6949","60.0%","11307","58.4%","13807","50.5%","7.9pp"
"Glorious Decay","G","C","360422","8.21","35666","12.14","14262","6.4%","50.1%","2473","47.8%","3814","53.5%","6287","51.3%","7896","48.9%","2.4pp"
"Hungry Graffalon","G","C","355554","7.77","35516","11.60","32982","14.8%","50.2%","5524","48.3%","8904","52.3%","14428","50.7%","18182","49.7%","1.0pp"
"Infirmary Healer","G","U","120701","5.07","17601","7.11","78197","70.8%","53.3%","14011","51.6%","20269","55.0%","34280","53.6%","43152","53.1%","0.5pp"
"Lumaret's Favor","G","U","148717","7.23","16136","10.71","18681","18.4%","52.7%","3163","50.9%","4421","54.2%","7584","52.8%","11038","52.6%","0.3pp"
"Mindful Biomancer","G","C","328212","6.48","38836","9.42","132230","54.3%","53.1%","23704","52.6%","32632","53.9%","56336","53.4%","74813","52.8%","0.6pp"
"Noxious Newt","G","C","258126","4.59","40329","6.32","213210","84.0%","53.8%","38589","55.6%","55551","55.3%","94140","55.4%","116845","52.4%","3.0pp"
"Oracle's Restoration","G","C","353978","7.88","33860","11.80","28994","13.7%","50.4%","4927","48.3%","6932","50.2%","11859","49.4%","17073","51.0%","-1.6pp"
"Pestbrood Sloth","G","U","86825","3.63","21072","4.49","115197","85.7%","55.7%","19981","58.5%","31085","59.0%","51066","58.8%","62683","53.0%","5.9pp"
"Planar Engineering","G","R","47124","4.30","7940","5.72","25191","50.6%","52.5%","4358","54.5%","7091","56.8%","11449","55.9%","13521","49.6%","6.3pp"
"Shopkeeper's Bane","G","C","328140","6.64","35368","9.87","105358","47.5%","53.0%","18434","52.8%","25786","53.3%","44220","53.1%","60185","53.0%","0.1pp"
"Slumbering Trudge","G","R","23097","2.22","10060","2.27","55517","85.8%","55.6%","9903","61.6%","15344","57.4%","25247","59.1%","29058","52.3%","6.8pp"
"Snarl Song","G","U","86536","4.02","31216","4.23","164847","81.5%","56.6%","27821","56.8%","51037","64.4%","78858","61.7%","80092","50.5%","11.2pp"
"Studious First-Year","G","C","214313","3.81","46838","4.85","251680","85.5%","54.0%","46349","59.4%","66705","55.1%","113054","56.9%","135906","51.6%","5.3pp"
"Tenured Concocter","G","C","344971","7.24","37257","10.69","80917","34.7%","52.1%","13335","49.7%","20931","53.7%","34266","52.2%","45782","51.8%","0.4pp"
"Thornfist Striker","G","U","113902","4.93","17056","6.69","75265","69.7%","54.4%","13086","56.0%","18773","56.0%","31859","56.0%","42661","53.1%","2.9pp"
"Topiary Lecturer","G","U","103863","4.42","15678","6.07","68268","70.2%","52.2%","12216","54.2%","18115","54.8%","30331","54.5%","37178","50.4%","4.2pp"
"Vastlands Scavenger","G","R","23000","2.26","8535","2.34","45193","83.7%","54.4%","7994","55.8%","12079","57.9%","20073","57.1%","24513","52.2%","4.9pp"
"Wild Hypothesis","G","C","341134","7.09","35639","10.64","68714","30.9%","51.1%","11777","48.2%","19323","54.7%","31100","52.2%","36053","49.6%","2.7pp"
"Wildgrowth Archaic","G","R","18985","1.89","9227","1.93","51230","88.2%","53.6%","9179","56.6%","14092","56.3%","23271","56.4%","27068","51.0%","5.4pp"
"Zimone's Experiment","G","U","135251","6.09","16705","8.93","35897","34.6%","50.9%","6082","49.4%","10247","54.0%","16329","52.3%","19182","49.7%","2.6pp"
"Abigale, Poet Laureate","WB","U","90114","4.01","16805","5.09","83434","77.2%","55.5%","14509","54.6%","21008","54.6%","35517","54.6%","47586","56.1%","-1.6pp"
"Abstract Paintmage","UR","U","121270","5.56","16418","7.88","48652","48.1%","50.0%","8409","49.6%","14111","50.6%","22520","50.2%","25373","49.8%","0.4pp"
"Applied Geometry","UG","R","23992","2.36","11018","2.44","59226","85.4%","54.0%","10007","55.2%","17345","59.5%","27352","57.9%","30254","50.1%","7.8pp"
"Ark of Hunger","WR","R","19555","2.00","13281","1.94","79431","90.2%","58.2%","13919","62.3%","23057","63.6%","36976","63.1%","41445","53.7%","9.4pp"
"Aziza, Mage Tower Captain","WR","R","40802","3.82","9228","4.61","38744","67.0%","53.7%","6586","54.1%","10541","52.6%","17127","53.2%","21567","54.2%","-1.1pp"
"Berta, Wise Extrapolator","UG","R","23687","2.32","9056","2.44","47736","85.1%","52.6%","8151","53.2%","14045","56.5%","22196","55.3%","24682","49.9%","5.4pp"
"Blech, Loafing Pest","BG","R","25087","2.52","8211","2.55","40814","78.0%","55.2%","7185","59.9%","10213","58.6%","17398","59.1%","22904","52.1%","7.1pp"
"Bogwater Lumaret","BG","C","247426","4.74","36756","6.37","179401","77.5%","54.2%","31294","55.7%","43279","54.6%","74573","55.1%","102502","53.4%","1.7pp"
"Borrowed Knowledge","WR","U","155563","7.91","18119","11.58","3559","3.1%","47.4%","576","45.8%","992","46.3%","1568","46.1%","1990","48.4%","-2.3pp"
"Cauldron of Essence","BG","R","26272","2.60","8046","2.76","37618","75.3%","53.2%","6593","51.4%","9342","57.4%","15935","54.9%","21342","51.7%","3.2pp"
"Colorstorm Stallion","UR","R","20381","2.03","11723","2.03","67245","88.2%","56.6%","11491","61.9%","20757","62.9%","32248","62.5%","33062","50.4%","12.1pp"
"Colossus of the Blood Age","WR","U","89433","3.81","27775","4.51","149205","83.1%","56.8%","24901","55.5%","43963","60.2%","68864","58.5%","79627","55.1%","3.4pp"
"Conciliator's Duelist","WB","R","27921","2.83","10012","2.90","51466","78.4%","57.6%","8696","58.9%","13652","60.2%","22348","59.7%","28592","55.7%","4.0pp"
"Cuboid Colony","UG","U","104706","4.52","18135","6.02","83751","73.4%","53.6%","14625","55.8%","23405","56.5%","38030","56.2%","44490","51.3%","5.0pp"
"Dina's Guidance","BG","R","60849","5.52","6767","8.72","3252","7.6%","47.4%","521","43.6%","821","46.5%","1342","45.4%","1902","48.7%","-3.3pp"
"Elemental Mascot","UR","C","319882","6.35","45495","9.02","159926","55.8%","52.8%","27417","52.7%","47011","55.6%","74428","54.6%","82483","51.0%","3.5pp"
"Embrace the Paradox","UG","C","320436","6.17","50799","8.59","194970","60.9%","53.7%","32493","52.0%","57082","58.8%","89575","56.3%","101935","51.1%","5.2pp"
"Essenceknit Scholar","BG","U","82813","3.56","17376","4.40","89368","80.8%","55.4%","15690","58.6%","22276","57.6%","37966","58.0%","50165","53.2%","4.8pp"
"Fix What's Broken","WB","R","54445","5.24","6668","7.85","7696","18.2%","49.5%","1219","43.0%","1934","48.6%","3153","46.4%","4495","51.5%","-5.1pp"
"Fractal Mascot","UG","C","337256","6.78","42960","9.86","118187","43.8%","52.4%","19343","49.5%","34851","56.7%","54194","54.1%","62179","50.5%","3.6pp"
"Fractal Tender","UG","U","108725","4.70","16953","6.50","68669","65.8%","51.6%","11421","50.9%","19723","54.6%","31144","53.3%","36222","49.9%","3.4pp"
"Geometer's Arthropod","UG","R","51327","4.76","8211","6.50","20818","39.8%","53.3%","3686","54.6%","5645","55.0%","9331","54.8%","11175","52.0%","2.8pp"
"Grapple with Death","BG","C","225681","4.04","41265","5.41","220286","84.3%","54.4%","37346","53.2%","58318","58.5%","95664","56.4%","122012","52.6%","3.8pp"
"Growth Curve","UG","U","144689","7.24","14908","10.99","10932","11.8%","48.2%","1837","46.2%","2904","48.7%","4741","47.8%","6099","48.5%","-0.7pp"
"Hardened Academic","WR","R","26507","2.64","11338","2.67","61792","83.1%","57.8%","10766","61.7%","17287","60.0%","28053","60.6%","33815","55.5%","5.2pp"
"Imperious Inkmage","WB","C","323300","6.57","48367","8.89","195207","61.8%","57.4%","33674","58.2%","48799","56.6%","82473","57.2%","111970","57.4%","-0.2pp"
"Inkling Mascot","WB","C","307692","6.13","49613","8.07","227835","70.5%","57.0%","40058","57.5%","54405","55.0%","94463","56.1%","132579","57.6%","-1.6pp"
"Killian's Confidence","WB","U","97844","4.36","19394","5.43","94791","75.7%","56.6%","16065","56.0%","22828","56.9%","38893","56.5%","55427","56.6%","-0.1pp"
"Kirol, History Buff","WR","U","104203","4.57","21938","5.78","109922","77.9%","56.2%","19302","56.3%","29695","55.2%","48997","55.7%","61054","56.7%","-1.0pp"
"Lluwen, Exchange Student","BG","U","89490","3.89","15658","5.06","76319","77.0%","54.1%","12817","53.6%","19173","57.4%","31990","55.9%","43365","52.7%","3.2pp"
"Lorehold Charm","WR","U","129840","5.87","19572","8.24","58432","46.9%","54.2%","9810","51.3%","15333","54.9%","25143","53.5%","33279","54.6%","-1.1pp"
"Lorehold, the Historian","WR","M","7630","1.56","5270","1.54","30015","89.2%","55.2%","5038","55.6%","8868","59.2%","13906","57.9%","15847","52.5%","5.4pp"
"Mind into Matter","UG","R","26220","2.57","10683","2.66","56435","83.8%","54.3%","9709","54.0%","16296","60.2%","26005","57.9%","28372","50.2%","7.6pp"
"Mind Roots","BG","U","116871","5.11","16351","7.17","56972","56.0%","52.4%","9855","52.4%","14621","53.5%","24476","53.1%","32061","51.7%","1.4pp"
"Molten Note","WR","U","91356","3.91","28508","4.57","158064","84.8%","57.3%","26875","56.9%","45205","60.8%","72080","59.4%","84480","55.3%","4.0pp"
"Moment of Reckoning","WB","R","24402","2.47","11803","2.42","63247","80.6%","58.3%","10539","58.9%","17828","65.9%","28367","63.3%","33627","53.4%","9.9pp"
"Nita, Forum Conciliator","WB","R","47245","4.39","7467","5.91","21540","45.9%","52.8%","3740","50.3%","5415","52.2%","9155","51.4%","12274","53.7%","-2.3pp"
"Old-Growth Educator","BG","U","107842","4.71","14746","6.58","65699","70.8%","53.6%","10989","52.9%","16536","54.5%","27525","53.9%","37620","53.3%","0.5pp"
"Paradox Surveyor","UG","U","101422","4.33","22767","5.43","111812","76.8%","55.2%","19461","57.3%","32334","59.3%","51795","58.5%","57920","52.1%","6.5pp"
"Pest Mascot","BG","C","268564","5.20","33905","7.35","155447","73.2%","53.5%","26523","53.3%","38511","53.2%","65034","53.2%","88934","53.6%","-0.4pp"
"Practiced Scrollsmith","WR","U","85058","3.67","27695","4.22","154045","85.3%","57.4%","26379","56.0%","44410","60.8%","70789","59.0%","82560","55.9%","3.1pp"
"Prismari Charm","UR","U","108842","4.53","22403","5.93","110465","78.1%","54.4%","19183","54.0%","33600","58.2%","52783","56.7%","54445","51.7%","4.9pp"
"Prismari, the Inspiration","UR","M","11365","2.31","4092","2.42","20949","82.4%","51.7%","3422","48.5%","6638","57.1%","10060","54.2%","10394","48.7%","5.5pp"
"Proctor's Gaze","UG","U","97501","4.09","24365","5.10","125518","81.2%","54.8%","21384","54.5%","36976","59.8%","58360","57.8%","64527","51.7%","6.1pp"
"Professor Dellian Fel","BG","M","6850","1.36","4839","1.34","27490","87.2%","56.5%","4712","60.6%","7517","64.0%","12229","62.7%","14769","51.0%","11.7pp"
"Pterafractyl","UG","C","316337","6.15","41047","8.96","143620","56.1%","52.3%","24226","49.0%","41744","56.3%","65970","53.6%","73256","50.4%","3.2pp"
"Pursue the Past","WR","C","298452","5.82","64672","7.32","294399","70.1%","57.4%","50996","58.3%","80154","59.6%","131150","59.1%","162140","56.0%","3.1pp"
"Quandrix Charm","UG","U","118000","5.05","20578","6.82","87703","67.3%","54.4%","15007","55.0%","24908","59.1%","39915","57.6%","46382","51.4%","6.2pp"
"Quandrix, the Proof","UG","M","7335","1.50","5054","1.48","28862","89.4%","55.7%","4757","58.1%","8934","62.9%","13691","61.2%","14358","49.6%","11.6pp"
"Rapturous Moment","UR","U","128684","5.76","19940","8.08","58177","47.1%","51.7%","9831","49.1%","17363","55.7%","27194","53.3%","29144","49.4%","3.9pp"
"Render Speechless","WB","C","324183","6.65","54935","8.72","193469","54.2%","57.2%","32279","56.2%","49747","58.2%","82026","57.4%","109638","56.9%","0.5pp"
"Resonating Lute","UR","R","28541","2.79","11030","2.90","52191","76.5%","53.0%","8923","54.2%","16182","57.2%","25105","56.1%","25476","49.4%","6.7pp"
"Root Manipulation","BG","U","131338","6.06","14986","8.90","35744","38.0%","52.4%","5790","49.8%","8721","54.6%","14511","52.7%","21109","52.0%","0.7pp"
"Sanar, Unfinished Genius","UR","U","82115","3.53","24702","4.17","134369","85.4%","55.1%","23342","59.5%","40820","58.4%","64162","58.8%","67083","51.2%","7.6pp"
"Scolding Administrator","WB","U","82229","3.66","21955","4.19","119661","82.1%","58.3%","21140","62.9%","30072","58.6%","51212","60.4%","68080","56.8%","3.6pp"
"Silverquill Charm","WB","U","98238","4.22","21537","5.15","110931","78.4%","58.1%","18886","58.0%","28481","60.5%","47367","59.5%","62518","56.8%","2.7pp"
"Silverquill, the Disputant","WB","M","9312","1.90","4222","1.89","21174","79.5%","54.1%","3612","54.0%","5760","56.0%","9372","55.2%","11665","53.1%","2.1pp"
"Snooping Page","WB","U","93510","4.12","19551","5.11","101086","80.0%","56.1%","17610","56.9%","25476","55.1%","43086","55.8%","57746","56.3%","-0.4pp"
"Social Snub","WB","U","145596","7.14","16009","10.71","11008","10.8%","51.5%","1869","49.5%","2836","52.3%","4705","51.2%","6222","51.8%","-0.6pp"
"Spectacular Skywhale","UR","U","103592","4.50","17225","6.08","75467","71.4%","51.2%","12645","49.2%","22455","53.8%","35100","52.2%","38688","50.0%","2.2pp"
"Spirit Mascot","WR","C","297230","5.86","53525","7.75","257635","74.7%","56.4%","45023","56.2%","69498","55.0%","114521","55.5%","143238","57.1%","-1.6pp"
"Splatter Technique","UR","R","23708","2.33","11856","2.33","65850","86.3%","55.9%","11099","57.7%","20394","62.8%","31493","61.0%","31115","50.0%","11.0pp"
"Stadium Tidalmage","UR","C","344626","7.14","47222","10.18","114564","38.6%","52.6%","19230","51.9%","34726","55.3%","53956","54.1%","58644","51.0%","3.1pp"
"Startled Relic Sloth","WR","U","89997","3.86","24030","4.66","129835","83.5%","56.7%","22057","56.6%","36841","57.7%","58898","57.3%","71020","56.0%","1.3pp"
"Stirring Honormancer","WB","U","105514","4.57","23523","5.64","111810","73.1%","57.4%","18445","56.3%","29417","58.9%","47862","57.9%","63171","56.8%","1.1pp"
"Stress Dream","UR","U","75040","3.21","27875","3.68","160824","89.7%","56.0%","27054","56.5%","49334","62.0%","76388","60.1%","78392","51.5%","8.6pp"
"Suspend Aggression","WR","R","42148","3.84","12049","4.46","56928","73.5%","56.1%","9737","56.1%","16199","58.1%","25936","57.3%","30627","55.0%","2.3pp"
"Tam, Observant Sequencer","UG","U","97308","4.16","15801","5.65","70574","72.9%","51.3%","11919","48.9%","20313","54.5%","32232","52.4%","37145","50.1%","2.3pp"
"Teacher's Pest","BG","U","93789","4.09","15585","5.33","77615","79.2%","54.1%","13766","55.4%","18280","54.0%","32046","54.6%","44899","53.6%","1.0pp"
"Traumatic Critique","UR","R","20921","2.04","12222","2.06","70575","89.8%","55.8%","12086","56.3%","21537","62.5%","33623","60.3%","33666","50.4%","9.8pp"
"Vibrant Outburst","UR","U","82018","3.41","24478","4.10","136689","87.6%","55.3%","23734","55.3%","41333","60.7%","65067","58.8%","66860","51.4%","7.4pp"
"Vicious Rivalry","BG","R","28251","2.79","9551","2.92","48167","79.1%","55.0%","8314","56.7%","13187","60.3%","21501","58.9%","25992","51.6%","7.3pp"
"Visionary's Dance","UR","C","293158","5.36","57253","7.29","280415","77.8%","53.9%","50370","51.9%","85382","59.0%","135752","56.4%","135605","50.7%","5.6pp"
"Wilt in the Heat","WR","C","283373","5.24","60339","6.87","291051","75.0%","56.1%","48646","54.8%","83119","58.0%","131765","56.9%","157622","55.4%","1.5pp"
"Witherbloom Charm","BG","U","112241","4.88","15188","6.91","63305","66.5%","53.7%","10853","52.1%","15928","55.1%","26781","53.9%","36228","53.6%","0.3pp"
"Witherbloom, the Balancer","BG","M","10311","2.11","3259","2.18","14837","74.8%","50.5%","2457","47.7%","4004","52.2%","6461","50.5%","8152","50.2%","0.3pp"
"Zaffai and the Tempests","UR","R","52083","4.57","7991","6.46","20638","41.5%","50.3%","3392","46.4%","6556","54.2%","9948","51.5%","10304","48.8%","2.8pp"
"Biblioplex Tomekeeper","","C","369670","8.69","39280","12.49","5249","2.1%","47.1%","777","40.2%","1388","48.6%","2165","45.5%","3065","48.0%","-2.5pp"
"Diary of Dreams","","U","130949","5.57","18965","7.92","60485","51.4%","51.5%","10875","48.7%","17378","53.6%","28253","51.7%","31299","51.3%","0.4pp"
"Mage Tower Referee","","C","356893","7.40","47544","10.59","85070","28.1%","54.1%","15646","53.5%","21225","54.0%","36871","53.8%","47864","54.3%","-0.5pp"
"Page, Loose Leaf","","C","362396","8.02","45473","11.40","45242","15.7%","52.2%","8316","51.8%","12638","53.3%","20954","52.7%","23908","51.7%","1.1pp"
"Potioner's Trove","","C","250421","4.61","64684","5.56","324908","79.5%","54.4%","61262","56.1%","93701","58.2%","154963","57.4%","163718","51.3%","6.1pp"
"Strixhaven Skycoach","","U","94061","3.86","31411","4.50","174523","85.8%","56.6%","32489","58.0%","47434","59.5%","79923","58.9%","93404","54.6%","4.3pp"
"Deathcap Glade","","R","46253","3.71","8691","5.10","43356","78.2%","54.1%","8020","55.3%","11232","56.0%","19252","55.7%","23289","52.6%","3.1pp"
"Dreamroot Cascade","","R","45331","3.62","10053","4.79","50875","80.3%","53.9%","9486","55.0%","13957","57.6%","23443","56.6%","26162","51.3%","5.2pp"
"Fields of Strife","","C","359773","5.49","72968","7.59","371626","79.5%","55.6%","68956","57.5%","101404","56.5%","170360","56.9%","198042","54.5%","2.5pp"
"Forum of Amity","","C","361990","5.49","62911","7.82","292339","72.5%","55.3%","54705","57.0%","72561","55.0%","127266","55.9%","162890","54.9%","1.0pp"
"Great Hall of the Biblioplex","","R","42377","3.62","11838","4.34","67334","89.1%","55.9%","12225","56.4%","19003","60.4%","31228","58.8%","34733","53.0%","5.9pp"
"Paradox Gardens","","C","345618","5.19","63980","7.24","326019","80.7%","54.1%","61142","55.6%","89776","56.6%","150918","56.2%","169551","52.0%","4.2pp"
"Petrified Hamlet","","R","74439","6.59","8898","10.00","743","1.3%","43.5%","107","","219","","326","","414","",""
"Shattered Sanctum","","R","47145","3.80","9535","5.16","46626","76.5%","55.5%","8502","57.5%","11842","57.1%","20344","57.2%","25865","54.0%","3.2pp"
"Skycoach Waypoint","","U","154064","7.46","16082","11.18","14011","13.9%","50.9%","2228","49.3%","3630","49.9%","5858","49.7%","8038","51.8%","-2.1pp"
"Spectacle Summit","","C","344456","5.15","70409","7.11","376527","84.3%","54.5%","70188","55.7%","107493","56.8%","177681","56.4%","192945","52.7%","3.7pp"
"Stormcarved Coast","","R","44911","3.60","11034","4.74","58950","84.3%","54.2%","11053","55.3%","16774","58.0%","27827","56.9%","29673","51.5%","5.4pp"
"Sundown Pass","","R","47304","3.76","11115","4.99","57275","81.1%","55.4%","10627","56.6%","15596","57.5%","26223","57.1%","30421","53.8%","3.3pp"
"Terramorphic Expanse","","C","266458","4.36","61597","5.96","372432","95.1%","54.9%","70702","56.6%","99134","56.0%","169836","56.3%","199138","53.7%","2.6pp"
"Titan's Grave","","C","352881","5.33","57296","7.60","284999","78.7%","54.2%","53433","55.7%","73338","55.1%","126771","55.3%","154493","53.1%","2.2pp"
"Akroma's Will","W","M","2353","2.06","1353","2.05","8008","89.7%","57.6%","1279","56.1%","2156","62.5%","3435","60.1%","4482","55.4%","4.8pp"
"Angel's Grace","W","R","14567","5.91","1586","9.39","493","4.8%","","76","","128","","204","","286","",""
"Armageddon","W","M","4572","3.82","949","4.75","3067","51.6%","53.2%","493","","761","53.1%","1254","51.5%","1797","54.5%","-3.0pp"
"Duty Beyond Death","W","U","137490","6.76","15260","10.20","15604","16.1%","52.0%","2551","48.9%","3867","51.9%","6418","50.7%","9139","52.8%","-2.1pp"
"Helping Hand","W","U","124182","5.66","16313","8.25","47437","45.9%","54.1%","7937","51.3%","12220","54.3%","20157","53.1%","27159","54.9%","-1.8pp"
"Hop to It","W","U","119063","5.32","20328","7.13","81036","62.0%","55.7%","14375","55.4%","20891","55.5%","35266","55.5%","45515","55.8%","-0.4pp"
"Prismatic Ending","W","R","10953","4.27","2470","5.44","9476","61.0%","54.1%","1652","54.9%","2786","57.8%","4438","56.7%","4869","51.4%","5.3pp"
"Repel Calamity","W","U","78888","3.41","24846","3.98","146972","90.7%","57.2%","25101","57.0%","39702","60.2%","64803","58.9%","80887","55.7%","3.3pp"
"Reprieve","W","R","9172","3.53","2807","4.00","14831","81.3%","57.1%","2636","57.8%","3961","59.4%","6597","58.8%","8109","55.6%","3.2pp"
"Requisition Raid","W","U","132470","6.33","14354","9.64","20614","22.6%","51.8%","3426","49.7%","5130","51.2%","8556","50.6%","11993","52.6%","-2.0pp"
"Return to the Ranks","W","R","12968","5.24","1597","7.77","2316","22.6%","51.4%","405","","597","53.4%","1002","49.5%","1308","52.8%","-3.3pp"
"Winds of Abandon","W","M","2437","2.14","1402","2.16","8380","92.4%","57.8%","1395","56.1%","2371","64.8%","3766","61.6%","4505","54.2%","7.4pp"
"Brain Freeze","U","R","10877","4.40","2461","5.34","9394","61.1%","53.5%","1589","48.8%","3144","58.7%","4733","55.4%","4248","49.7%","5.6pp"
"Cyclonic Rift","U","M","2216","1.94","1143","2.02","6492","89.7%","54.8%","1066","53.8%","1944","61.4%","3010","58.7%","3277","50.4%","8.3pp"
"Daze","U","R","11048","4.28","2455","5.25","10999","70.3%","55.4%","1870","56.3%","3240","59.9%","5110","58.6%","5628","52.3%","6.3pp"
"Deduce","U","U","118173","5.07","22271","6.84","105273","74.7%","54.6%","18785","55.2%","31355","58.4%","50140","57.2%","53006","51.8%","5.5pp"
"Disdainful Stroke","U","U","111460","4.82","22498","6.31","111375","78.6%","54.2%","19239","53.3%","33244","59.0%","52483","56.9%","56002","51.0%","5.9pp"
"Flusterstorm","U","M","6218","4.92","822","7.18","1302","25.8%","48.7%","238","","388","","626","48.6%","661","48.4%","0.2pp"
"Force of Will","U","M","3314","2.74","955","3.19","4135","70.6%","53.4%","696","52.9%","1229","59.2%","1925","56.9%","2058","49.4%","7.5pp"
"Pongify","U","R","13650","5.50","1378","8.80","1491","17.6%","47.0%","272","","421","","693","47.9%","758","46.3%","1.6pp"
"Preordain","U","R","9922","3.86","2041","5.06","10102","78.6%","54.1%","1828","53.6%","2987","57.9%","4815","56.2%","5074","51.8%","4.4pp"
"Sleight of Hand","U","U","122649","5.37","19542","7.54","78677","64.4%","53.4%","13977","53.6%","23751","57.2%","37728","55.9%","39598","51.0%","4.9pp"
"Spell Pierce","U","U","134792","6.27","18103","9.02","48600","42.9%","52.7%","8435","52.6%","14058","56.9%","22493","55.3%","25154","50.0%","5.2pp"
"Stock Up","U","U","62644","2.79","25103","3.13","146509","91.0%","55.6%","25812","57.1%","43776","61.6%","69588","60.0%","73590","51.1%","8.8pp"
"Ad Nauseam","B","M","6473","5.22","740","8.06","317","6.8%","","50","","73","","123","","191","",""
"Bitter Triumph","B","U","64377","2.83","19699","3.35","114727","90.8%","55.8%","19824","55.6%","30193","58.8%","50017","57.5%","63465","54.2%","3.3pp"
"Culling the Weak","B","R","14181","5.92","1497","9.36","384","4.2%","","66","","98","","164","","217","",""
"Dismember","B","R","4234","1.79","2491","1.90","15448","96.8%","56.3%","2753","57.9%","4169","59.9%","6922","59.1%","8280","53.7%","5.4pp"
"Feed the Swarm","B","U","81452","3.52","16803","4.53","91384","85.8%","54.6%","16201","53.4%","23469","56.9%","39670","55.5%","50917","53.8%","1.7pp"
"Living End","B","M","6578","5.22","731","7.95","138","3.0%","","19","","44","","63","","75","",""
"Locust Spray","B","U","140870","6.59","15827","9.79","26713","26.8%","53.1%","4598","51.4%","6423","52.5%","11021","52.1%","15596","53.9%","-1.8pp"
"Sheoldred's Edict","B","R","8452","3.32","1457","4.39","6580","72.6%","53.4%","1179","53.9%","1669","52.5%","2848","53.1%","3672","53.3%","-0.2pp"
"Smallpox","B","R","14820","6.02","1546","9.50","510","5.2%","46.7%","79","","123","","202","","309","",""
"Stargaze","B","U","142114","6.81","18708","9.83","35409","29.7%","55.4%","5852","53.1%","8915","56.4%","14767","55.1%","20486","55.5%","-0.5pp"
"Vampiric Tutor","B","M","3987","3.35","645","4.38","1949","50.5%","48.1%","368","","508","48.4%","876","46.6%","1055","49.6%","-3.0pp"
"Zombify","B","U","136737","6.53","13220","10.19","10758","13.0%","47.9%","1754","43.6%","2876","48.7%","4630","46.8%","6071","48.6%","-1.8pp"
"Abrade","R","U","66297","2.86","24717","3.33","147954","93.3%","55.7%","25910","56.8%","42859","59.0%","68769","58.1%","76413","53.4%","4.8pp"
"Big Score","R","R","10152","3.89","2135","4.91","10358","76.7%","53.8%","1767","51.8%","3141","56.9%","4908","55.1%","5242","52.3%","2.8pp"
"Brotherhood's End","R","R","7971","3.19","2471","3.60","12258","78.0%","55.8%","2110","57.1%","3629","61.0%","5739","59.5%","6222","52.0%","7.5pp"
"Bulk Up","R","U","140235","6.84","15875","10.27","19232","19.4%","50.7%","3099","48.2%","5058","52.4%","8157","50.8%","10935","50.4%","0.4pp"
"Burst Lightning","R","U","64394","2.82","25973","3.21","156418","93.4%","56.1%","27265","56.6%","45317","59.9%","72582","58.7%","80780","53.4%","5.3pp"
"Crackle with Power","R","M","2459","2.22","1433","2.22","8715","92.1%","57.5%","1461","55.2%","2715","64.6%","4176","61.4%","4160","51.9%","9.4pp"
"Empty the Warrens","R","R","12087","4.94","1814","6.84","4713","40.6%","52.0%","835","50.4%","1407","58.1%","2242","55.3%","2334","48.5%","6.8pp"
"Jeska's Will","R","M","6379","5.15","841","7.70","637","12.0%","50.5%","114","","169","","283","","346","",""
"Monstrous Rage","R","U","122047","5.48","19690","7.47","70706","56.4%","55.4%","11922","55.2%","18605","56.9%","30527","56.3%","39818","54.6%","1.7pp"
"Pyretic Ritual","R","R","14689","6.05","1584","9.44","612","6.1%","47.4%","109","","141","","250","","347","",""
"Return the Favor","R","U","138367","6.60","17339","9.78","27832","25.5%","51.4%","4686","48.5%","8190","55.0%","12876","52.6%","14487","50.0%","2.6pp"
"Subterranean Tremors","R","M","2403","2.07","1359","2.13","7891","89.9%","56.0%","1373","56.1%","2318","62.2%","3691","59.9%","3917","51.6%","8.3pp"
"Awaken the Woods","G","M","3635","2.95","756","3.46","3294","71.1%","51.5%","543","51.0%","972","55.5%","1515","53.9%","1685","48.1%","5.7pp"
"Berserk","G","M","5770","4.82","732","7.02","1113","24.4%","49.0%","174","","288","","462","","641","49.8%",""
"Crop Rotation","G","R","15720","6.24","1684","9.71","608","5.7%","42.3%","109","","156","","265","","342","",""
"Giant Growth","G","U","143886","6.92","14667","10.49","18692","20.4%","51.2%","3091","49.5%","4556","53.1%","7647","51.6%","10964","50.8%","0.9pp"
"Glimpse of Nature","G","R","14946","6.10","1651","9.44","392","3.7%","","65","","90","","155","","230","",""
"Knockout Maneuver","G","U","97406","4.16","17516","5.49","86923","78.7%","54.1%","14694","54.2%","23064","58.2%","37758","56.6%","48129","51.9%","4.8pp"
"Pick Your Poison","G","U","145987","7.36","14231","11.30","4905","5.5%","48.5%","836","46.7%","1263","48.1%","2099","47.5%","2767","49.3%","-1.7pp"
"Royal Treatment","G","U","122430","5.30","17892","7.45","71101","63.5%","53.9%","11998","54.8%","18216","57.1%","30214","56.2%","40315","52.0%","4.2pp"
"Shamanic Revelation","G","R","11785","4.66","1414","6.85","3053","34.3%","51.1%","525","46.5%","717","53.1%","1242","50.3%","1800","51.7%","-1.4pp"
"Shared Roots","G","U","96299","4.20","18532","5.44","86308","74.8%","52.9%","15693","56.0%","23479","54.7%","39172","55.2%","46530","51.0%","4.2pp"
"Triumph of the Hordes","G","M","4959","4.17","640","5.75","1245","31.8%","49.3%","219","","323","","542","48.7%","697","49.5%","-0.8pp"
"Veil of Summer","G","R","15281","6.07","1752","9.35","895","8.2%","50.5%","138","","213","","351","","540","49.8%",""
"Bring to Light","UG","R","13210","5.07","1896","7.26","3107","26.0%","51.9%","521","50.5%","946","54.9%","1467","53.3%","1586","50.3%","3.1pp"
"Culling Ritual","BG","R","12284","4.96","1447","7.57","1832","20.2%","49.6%","308","","490","","798","52.8%","1022","47.2%","5.6pp"
"Deflecting Palm","WR","R","13148","5.36","1556","8.20","1704","17.3%","47.1%","281","","438","","719","47.3%","984","47.0%","0.3pp"
"Expressive Iteration","UR","R","8163","3.25","2556","3.80","13510","83.6%","54.3%","2361","54.3%","4091","59.3%","6452","57.5%","6664","50.7%","6.8pp"
"Fracture","WB","R","13918","5.95","1524","9.19","929","9.6%","46.1%","185","","225","","410","","518","52.7%",""
"Archaeomancer","U","C","5812","5.06","1095","6.76","4372","64.1%","52.6%","683","48.3%","1396","57.7%","2079","54.6%","2180","50.1%","4.5pp"
"Archmage Emeritus","U","R","2938","2.83","823","3.21","3962","78.0%","50.8%","688","48.3%","1156","51.0%","1844","50.0%","2025","51.5%","-1.5pp"
"Murmuring Mystic","U","U","3198","2.74","1196","3.03","6852","90.5%","54.0%","1178","54.0%","2169","57.9%","3347","56.5%","3318","51.4%","5.2pp"
"Grim Haruspex","B","R","2895","2.67","785","3.05","4055","80.7%","54.6%","702","52.4%","980","55.3%","1682","54.1%","2338","54.7%","-0.6pp"
"Dualcaster Mage","R","R","3386","3.21","799","3.89","3660","74.9%","51.7%","605","45.3%","1035","53.6%","1640","50.5%","1966","52.6%","-2.1pp"
"Magus of the Library","G","R","5350","4.68","724","6.81","1578","34.3%","49.6%","255","","386","","641","45.4%","920","52.1%","-6.7pp"
"Sylvan Library","G","M","3276","3.22","634","3.74","2353","60.8%","52.2%","432","","594","51.3%","1026","51.8%","1301","52.5%","-0.7pp"
"Adrix and Nev, Twincasters","UG","M","3865","3.71","655","4.77","1500","38.4%","47.3%","220","","435","","655","48.5%","828","46.0%","2.5pp"
"Codie, Vociferous Codex","","R","5759","5.06","984","6.63","2129","34.4%","53.0%","376","","699","56.1%","1075","54.3%","1006","51.7%","2.6pp"
"Library of Alexandria","","M","2677","2.59","1206","2.70","6940","89.2%","56.0%","1285","67.4%","1892","54.9%","3177","60.0%","3643","52.3%","7.6pp"